Age_group,Gender,Total_Orders,Total_Revenue_USD
Middle,Female,4116,9035522.78000027
Middle,Male,4050,8477809.210000226
Senior,Female,7587,15772886.3600009
Senior,Male,8057,17116123.250000987
Young,Female,1267,2612215.85
Young,Male,1249,2740922.1399999945
