Brand,Total_Units_Sold,Total_Revenue_USD
"Adventure Works",20099,11849909.320000146
Contoso,49827,10792325.320001062
"Wide World Importers",27413,9172800.410000186
Fabrikam,11384,6807893.520000047
"The Phone Company",18764,5386820
Proseware,9427,3212628.0200000037
Litware,5309,2659498.7800000035
"Southridge Video",24814,2578595.9299999434
"A. Datum",5655,1486207.7999999989
"Northwind Traders",7610,1126069.539999986
"Tailspin Toys",17455,682730.9500000031
